ID,Ean,Title,Category,Vendor,Price,Rating,Created At
1,1018947080336,Rustic Paper Wallet,Gizmo,"Swaniawski, Casper and Hilll",29.46,4.6,"julho 19, 2023, 7:44 PM"
2,7663515285824,Small Marble Shoes,Doohickey,Balistreri-Ankunding,70.08,0,"abril 11, 2025, 8:49 AM"
3,4966277046676,Synergistic Granite Chair,Doohickey,"Murray, Watsica and Wunsch",35.39,4,"setembro 8, 2024, 10:03 PM"
4,4134502155718,Enormous Aluminum Shirt,Doohickey,Regan Bradtke and Sons,73.99,3,"março 6, 2024, 2:53 AM"
5,5499736705597,Enormous Marble Wallet,Gadget,"Price, Schultz and Daniel",82.75,4,"outubro 3, 2022, 1:47 AM"
6,2293343551454,Small Marble Hat,Doohickey,Nolan-Wolff,64.96,3.8,"março 29, 2023, 5:43 AM"
7,0157967025871,Aerodynamic Linen Coat,Doohickey,Little-Pagac,98.82,4.3,"junho 3, 2023, 3:07 AM"
8,1078766578568,Enormous Steel Watch,Doohickey,Senger-Stamm,65.89,4.1,"abril 30, 2024, 3:03 PM"
9,7217466997444,Practical Bronze Computer,Widget,Keely Stehr Group,58.31,4.2,"fevereiro 7, 2025, 8:26 AM"
10,1807963902339,Mediocre Wooden Table,Gizmo,"Larson, Pfeffer and Klocko",31.79,4.3,"janeiro 9, 2023, 9:51 AM"
11,3642408008706,Ergonomic Silk Coat,Gadget,"Upton, Kovacek and Halvorson",88.3,0,"maio 28, 2024, 8:02 AM"
12,9482467478850,Sleek Paper Toucan,Gizmo,Mueller-Dare,77.34,4.4,"novembro 12, 2023, 2:51 PM"
13,0399569209871,Synergistic Steel Chair,Gizmo,Mr. Tanya Stracke and Sons,75.09,0,"maio 24, 2022, 11:09 PM"
14,8833419218504,Awesome Concrete Shoes,Widget,McClure-Lockman,25.1,4,"dezembro 31, 2023, 2:41 PM"
15,5881647583898,Aerodynamic Paper Computer,Widget,Friesen-Anderson,25.1,4,"setembro 8, 2022, 2:42 PM"
16,9633135585459,Incredible Bronze Pants,Gadget,"Okuneva, Kutch and Monahan",44.07,4,"janeiro 30, 2023, 10:00 PM"
17,6704641545275,Enormous Wool Car,Doohickey,"Hilpert, Jacobs and Hauck",53.29,4.3,"janeiro 31, 2023, 11:05 AM"
18,8909358907493,Lightweight Paper Bottle,Gadget,Wilkinson-Gottlieb,54.6,4.4,"fevereiro 11, 2023, 3:45 AM"
19,4307721071729,Rustic Concrete Bottle,Doohickey,"Gibson, Turner and Douglas",42.67,4.2,"novembro 6, 2022, 11:27 PM"
20,5099742600901,Intelligent Wooden Gloves,Gizmo,Ora Monahan and Sons,24.88,4,"agosto 25, 2023, 6:18 PM"
21,5856636800041,Lightweight Wool Bag,Gadget,Heaney-Windler,40.38,4.1,"junho 30, 2022, 7:30 AM"
22,7595223735110,Enormous Marble Shoes,Gizmo,"Mayer, Kiehn and Turcotte",21.42,4.2,"novembro 24, 2023, 8:14 PM"
23,1576499102253,Fantastic Aluminum Bottle,Widget,"Reichert, Johnson and Roob",77.91,3.8,"fevereiro 1, 2024, 4:00 PM"
24,2820850288674,Synergistic Marble Keyboard,Doohickey,Claude Thompson Group,74.87,3.4,"fevereiro 8, 2023, 5:19 AM"
25,4863291591550,Durable Marble Watch,Widget,"Ritchie, Haley and Pacocha",45.75,0,"outubro 17, 2024, 3:54 AM"
26,3987140172453,Ergonomic Aluminum Plate,Widget,Tia Goyette Group,45.42,0,"novembro 2, 2023, 9:54 AM"
27,6201199361567,Awesome Aluminum Table,Gadget,Alfredo Kuhlman Group,85.02,2,"janeiro 25, 2025, 1:28 PM"
28,0010465925138,Rustic Marble Bottle,Gizmo,"Morissette, Bartoletti and Cummings",45.42,0,"março 13, 2024, 11:24 AM"
29,2434890445616,Durable Steel Toucan,Widget,Odessa Emmerich Inc,82.38,4.5,"setembro 14, 2023, 3:30 PM"
30,1404411876176,Ergonomic Paper Wallet,Gadget,Miles Ryan Group,42.78,3.7,"outubro 22, 2022, 11:57 AM"
31,9095019841233,Rustic Rubber Clock,Doohickey,"Quigley, Von and Will",70.44,4.5,"junho 5, 2024, 7:01 PM"
32,4963935336179,Ergonomic Silk Keyboard,Gadget,Reid Pfannerstill and Sons,71.43,4,"novembro 15, 2023, 4:21 AM"
33,9031323475252,Small Plastic Computer,Doohickey,Spinka-Stokes,31.83,2.7,"maio 30, 2022, 8:38 PM"
34,0743731223606,Heavy-Duty Wooden Clock,Gadget,Eugenia Kunze LLC,49.54,4.1,"abril 28, 2022, 10:08 PM"
35,3661250556340,Mediocre Cotton Coat,Doohickey,Cassin-Collins,47.69,3.6,"setembro 14, 2023, 10:13 PM"
36,9687547218818,Mediocre Plastic Clock,Gizmo,"Wolf, Beahan and Thiel",87.29,4.1,"abril 26, 2022, 7:29 PM"
37,2890379323668,Incredible Granite Toucan,Gadget,"Parker, O'Connell and Beahan",53.41,3.3,"abril 15, 2025, 1:34 PM"
38,6154584840805,Lightweight Leather Gloves,Gadget,"Bednar, Berge and Boyle",44.05,3.8,"janeiro 9, 2023, 2:54 PM"
39,7494558044822,Durable Rubber Computer,Gizmo,Carmela Douglas Inc,76.39,4.2,"janeiro 6, 2025, 3:22 AM"
40,0335243754848,Small Copper Plate,Gizmo,Maegan Casper Group,66.44,3.9,"junho 22, 2024, 4:29 AM"
41,1144906750559,Aerodynamic Paper Coat,Widget,Robyn Padberg Inc,42.34,4.2,"julho 16, 2024, 1:10 AM"
42,4893655420066,Awesome Rubber Wallet,Widget,Schamberger-Maggio,25.34,4,"setembro 17, 2022, 6:21 PM"
43,0236197465609,Lightweight Marble Bag,Widget,Francis Wolff Group,50.9,4,"julho 6, 2022, 3:02 AM"
44,4561421124790,Gorgeous Concrete Shoes,Widget,Carol Marvin LLC,50.9,4,"agosto 25, 2022, 9:35 PM"
45,8590367775021,Sleek Wool Wallet,Doohickey,"Volkman, Greenfelder and Kiehn",78.7,2.7,"maio 4, 2022, 1:31 PM"
46,2703547723491,Rustic Linen Keyboard,Gadget,Una Fadel Group,78.7,4,"setembro 13, 2022, 6:34 AM"
47,1909194306167,Aerodynamic Cotton Bottle,Doohickey,Annetta Wyman and Sons,56.05,4.2,"maio 19, 2023, 10:47 PM"
48,4516685534489,Gorgeous Concrete Chair,Gizmo,Kiehn-Pacocha,82.14,3.3,"fevereiro 20, 2024, 9:54 PM"
49,4284914664558,Incredible Silk Shoes,Gadget,Schuster-Wyman,87.62,3.8,"junho 2, 2023, 8:07 AM"
50,0272643267465,Durable Wool Toucan,Widget,"Hartmann, Mohr and Stiedemann",35.76,4.1,"junho 19, 2024, 10:53 PM"
51,4406572671024,Awesome Granite Car,Gizmo,Keshaun Mueller Group,50.43,3.7,"julho 7, 2022, 4:23 PM"
52,2091630691049,Ergonomic Marble Hat,Widget,Koch-Ruecker,69.12,4.4,"maio 22, 2023, 7:39 AM"
53,8825217022124,Mediocre Cotton Toucan,Doohickey,Jacobson-Daniel,29.52,4.4,"novembro 4, 2022, 12:33 AM"
54,1943523619306,Intelligent Bronze Knife,Widget,McClure-Murphy,41.4,3.6,"novembro 22, 2022, 9:23 AM"
55,6575325360237,Mediocre Rubber Shoes,Gadget,"Considine, Lehner and Maggio",63.85,0,"setembro 5, 2022, 11:51 PM"
56,8296484749050,Awesome Silk Car,Doohickey,Hackett-Reynolds,24.25,4.1,"junho 28, 2023, 1:30 PM"
57,3769015137275,Gorgeous Bronze Hat,Gizmo,"Kuphal, Schowalter and Bogan",81.61,3.8,"março 1, 2024, 2:39 AM"
58,5010710584900,Practical Steel Table,Gadget,"Smitham, Dach and Bode",52.1,4.3,"dezembro 11, 2023, 5:22 AM"
59,8469939413398,Sleek Aluminum Watch,Gizmo,"Donnelly, Renner and Barton",59.47,3.6,"julho 14, 2024, 1:14 PM"
60,4819782507258,Rustic Paper Car,Doohickey,Stroman-Carroll,19.87,4.1,"dezembro 16, 2023, 11:14 AM"
61,1726123595351,Mediocre Paper Car,Gizmo,Jordi Effertz LLC,15.69,4,"janeiro 24, 2023, 3:11 AM"
62,1087115303928,Awesome Iron Hat,Widget,Von-Gulgowski,89.01,4,"dezembro 6, 2024, 1:14 AM"
63,9786855487647,Enormous Granite Wallet,Gizmo,"Hills, Fahey and Jones",89.01,3.8,"agosto 28, 2024, 7:45 AM"
64,1960588072419,Incredible Aluminum Knife,Gadget,Noah Anderson and Sons,95.61,3.7,"fevereiro 21, 2023, 11:15 AM"
65,6409491343148,Ergonomic Silk Table,Widget,Weimann-Cummings,45.49,3.7,"outubro 1, 2024, 2:56 PM"
66,7813908779724,Fantastic Silk Bottle,Widget,Goyette-Smitham,90.77,4.4,"fevereiro 7, 2024, 7:35 AM"
67,5176352942567,Aerodynamic Granite Bottle,Gizmo,Myriam Macejkovic Inc,27.5,4.3,"novembro 17, 2024, 3:52 PM"
68,0096051986448,Heavy-Duty Copper Toucan,Gizmo,"Howe, Kiehn and Price",76.83,3.9,"novembro 8, 2022, 3:04 AM"
69,5592486096660,Synergistic Leather Coat,Doohickey,"Wiza, Abbott and Deckow",48.93,3.5,"janeiro 18, 2025, 1:07 PM"
70,8207931408888,Small Rubber Clock,Widget,Izabella Dach I and Sons,38.33,3.6,"outubro 3, 2023, 1:35 PM"
71,3806751355669,Sleek Granite Pants,Gadget,"Kirlin, Hermann and Stokes",55.2,0,"agosto 31, 2023, 6:01 AM"
72,9978391194435,Rustic Paper Bench,Widget,"Senger, Mertz and Murray",94.8,3.5,"março 26, 2024, 1:19 AM"
73,0832349515187,Aerodynamic Rubber Bench,Widget,Rowan Kautzer LLC,47.75,4.1,"outubro 31, 2022, 8:13 PM"
74,2084705637233,Awesome Plastic Watch,Gadget,Herman Flatley Group,34.09,4.3,"fevereiro 21, 2023, 10:21 AM"
75,6588791601926,Intelligent Paper Hat,Gadget,Ledner-Satterfield,83.88,4.5,"março 6, 2024, 9:46 AM"
76,5065846711133,Sleek Marble Clock,Widget,"Koepp, Ondricka and Larkin",42.55,4.3,"novembro 22, 2023, 8:48 PM"
77,4312472827051,Mediocre Leather Computer,Gadget,Fisher-Kemmer,67.34,4.4,"junho 23, 2023, 1:30 AM"
78,9347854191845,Mediocre Aluminum Shirt,Gizmo,"Zemlak, Botsford and Corkery",27.74,0,"janeiro 8, 2024, 10:49 AM"
79,1538211018396,Sleek Aluminum Clock,Gizmo,"Toy, Deckow and Nitzsche",27.74,4.3,"novembro 21, 2022, 1:59 PM"
80,9522454376759,Small Copper Clock,Widget,Cruickshank-Abernathy,36.61,3.7,"maio 2, 2022, 6:05 AM"
81,4760375596107,Lightweight Linen Coat,Gizmo,Mason Bashirian and Sons,29.29,4.2,"janeiro 23, 2023, 3:20 PM"
82,9802920493181,Heavy-Duty Steel Watch,Gadget,Braeden Gislason and Sons,40.6,4.5,"outubro 8, 2022, 10:26 AM"
83,1468999794635,Lightweight Bronze Table,Gadget,Mr. Johanna Koepp and Sons,54.58,3.7,"dezembro 25, 2023, 3:37 PM"
84,8002754191821,Incredible Plastic Chair,Gizmo,Americo Sipes and Sons,54.58,3.2,"dezembro 17, 2022, 3:11 PM"
85,5778452195678,Rustic Copper Knife,Gizmo,"Reynolds, Gleason and Brekke",36.6,4.1,"março 16, 2023, 8:07 PM"
86,2529776156387,Heavy-Duty Silk Chair,Doohickey,"Orn, Hilpert and Pfannerstill",61.54,3.7,"abril 2, 2025, 8:38 PM"
87,6906120611895,Gorgeous Linen Bottle,Widget,Miss Annamae Kutch Group,78.17,3.5,"maio 20, 2024, 12:35 AM"
88,4886504321812,Lightweight Linen Bottle,Gizmo,Dorothea Balistreri Inc,70.28,3.6,"outubro 18, 2024, 3:24 PM"
89,3084140869281,Awesome Aluminum Keyboard,Widget,"Stamm, Crist and Labadie",42.48,3.3,"dezembro 31, 2022, 5:57 AM"
90,7532074237028,Incredible Concrete Keyboard,Gizmo,Rodriguez-Kuhlman,82.08,4,"julho 2, 2023, 8:23 AM"
91,1559730016366,Rustic Rubber Knife,Gizmo,Connelly-Ritchie,43.4,4.5,"setembro 20, 2024, 2:53 PM"
92,7080123588503,Small Granite Gloves,Gizmo,Baumbach-Hilpert,83.26,4.2,"junho 20, 2022, 6:01 PM"
93,1613963249998,Practical Copper Car,Widget,Medhurst-Reichert,33.21,0,"abril 29, 2023, 6:52 PM"
94,9753065345920,Awesome Bronze Plate,Widget,Nolan-Heller,72.81,0,"agosto 19, 2023, 9:28 PM"
95,4945934419923,Durable Iron Knife,Gizmo,"Schiller, Bogisich and Lockman",33.21,4.1,"setembro 16, 2023, 7:33 PM"
96,4168050315812,Heavy-Duty Silk Car,Doohickey,Bernhard-Grady,69.88,4,"junho 7, 2023, 12:06 AM"
97,0498395047364,Durable Copper Clock,Doohickey,"Halvorson, Lockman and Ruecker",74.95,4,"fevereiro 2, 2024, 3:38 PM"
98,7485639601133,Mediocre Silk Bottle,Gizmo,Pacocha-Volkman,74.95,4.5,"abril 9, 2025, 4:49 PM"
99,2646001599860,Enormous Plastic Coat,Gadget,Kuhlman-Kuphal,45.22,3.3,"janeiro 9, 2024, 10:07 AM"
100,7667946672475,Lightweight Steel Knife,Gizmo,"Legros, Lynch and Howell",45.22,4,"abril 27, 2023, 1:06 PM"
101,8368305700967,Durable Cotton Bench,Gadget,Gutmann-Breitenberg,93.22,3.6,"abril 8, 2023, 9:49 AM"
102,2562717359713,Lightweight Granite Hat,Gadget,Dominic Mann Group,31.36,4,"março 29, 2025, 9:27 PM"
103,8687358946192,Rustic Silk Pants,Widget,Trantow-Bartell,31.36,0,"maio 3, 2024, 7:44 AM"
104,4093428378987,Sleek Leather Toucan,Widget,Senger-Doyle,70.96,0,"outubro 22, 2024, 5:51 AM"
105,1790740189682,Fantastic Wool Shirt,Gadget,Jerrod McLaughlin LLC,35.15,4,"junho 16, 2022, 12:07 AM"
106,0848056924761,Fantastic Steel Knife,Doohickey,Friesen-Langworth,35.15,4.3,"abril 25, 2023, 7:27 AM"
107,7059492880556,Lightweight Wool Plate,Gadget,Dora Fay and Sons,33.4,4,"novembro 19, 2023, 8:15 AM"
108,3772022926992,Practical Silk Computer,Gadget,Aufderhar-Boehm,33.4,4,"março 3, 2025, 1:38 PM"
109,5528517133622,Intelligent Iron Shirt,Widget,Price Kuhic Inc,79.37,0,"agosto 13, 2022, 2:20 PM"
110,4734618834332,Enormous Marble Gloves,Widget,Stanton-Fritsch,37.02,0,"outubro 16, 2022, 9:45 AM"
111,8222420544052,Ergonomic Rubber Bench,Gadget,"Hane, Hamill and Jerde",37.02,3.8,"agosto 22, 2024, 1:32 PM"
112,1464781960745,Small Wool Wallet,Doohickey,Ledner-Watsica,27.55,4.1,"fevereiro 5, 2023, 12:51 AM"
113,0212722801067,Sleek Leather Table,Gadget,"Ruecker, Carter and Ortiz",73.65,3.3,"janeiro 21, 2025, 8:01 AM"
114,4785470010730,Practical Plastic Keyboard,Doohickey,"Wisoky, Pagac and Heaney",51.94,4,"junho 26, 2024, 1:56 PM"
115,6858015278648,Rustic Silk Knife,Gadget,Mrs. Eugenia Koelpin and Sons,51.94,4.2,"janeiro 27, 2024, 11:30 AM"
116,5955704607626,Aerodynamic Concrete Bench,Gizmo,Denesik-Ortiz,76.28,4.2,"setembro 12, 2024, 3:23 PM"
117,5272733645116,Small Concrete Knife,Gizmo,Jefferey Volkman LLC,36.68,3.5,"julho 22, 2022, 8:50 PM"
118,5291392809646,Synergistic Rubber Shoes,Gadget,Herta Skiles and Sons,38.42,3.1,"outubro 19, 2022, 12:34 AM"
119,5433448189252,Gorgeous Linen Keyboard,Gadget,Alfreda Konopelski II Group,28.96,3.6,"março 24, 2024, 2:04 AM"
120,2484897511500,Heavy-Duty Copper Watch,Widget,Jerrell Gulgowski Inc,55.67,4,"setembro 27, 2022, 2:38 PM"
121,0095774502751,Ergonomic Wool Bag,Doohickey,"Wolff, Ebert and Hansen",26.96,5,"novembro 10, 2023, 4:39 AM"
122,4733532233696,Gorgeous Marble Plate,Gizmo,Fisher-Purdy,66.56,3.6,"maio 8, 2023, 2:53 AM"
123,3621077291879,Mediocre Wooden Bench,Gizmo,Flatley-Kunde,73.95,2,"novembro 16, 2023, 1:53 PM"
124,8245402607613,Durable Aluminum Bag,Gizmo,Zemlak-Wiegand,73.95,4,"fevereiro 9, 2024, 3:51 PM"
125,0255973714120,Aerodynamic Granite Bench,Widget,Lon Wiegand DVM and Sons,53.6,3.4,"maio 12, 2022, 12:21 AM"
126,9644009305424,Practical Wool Hat,Widget,Emmerich-Nienow,83.5,4.5,"setembro 27, 2022, 10:45 PM"
127,4665903801947,Practical Bronze Watch,Widget,Schamberger-Wehner,89.65,4,"outubro 12, 2022, 5:58 PM"
128,0001664425970,Gorgeous Aluminum Plate,Gizmo,Cale Thompson V and Sons,50.05,4.3,"novembro 10, 2023, 2:32 PM"
129,8844419430964,Small Marble Knife,Gizmo,"Turner, Kiehn and Schmitt",98.78,3.6,"dezembro 14, 2023, 11:45 PM"
130,8163753213485,Awesome Cotton Shoes,Gizmo,"Kuphal, Friesen and Rowe",50.02,4.4,"outubro 10, 2023, 2:32 AM"
131,5738533322232,Practical Aluminum Coat,Widget,Batz-Schroeder,75.41,4,"março 23, 2023, 3:06 PM"
132,7668932199532,Sleek Steel Table,Widget,Marge Effertz Jr. Inc,85.25,3.7,"abril 1, 2024, 1:51 AM"
133,0698616313838,Sleek Wool Watch,Doohickey,"Hauck, Ernser and Barton",45.65,4.3,"setembro 16, 2022, 8:51 PM"
134,2339358820724,Practical Paper Bag,Doohickey,"Considine, Bogisich and Bauch",28.33,3.8,"maio 25, 2023, 12:10 PM"
135,6248889948356,Enormous Granite Bottle,Gizmo,Lorenza Mayer Inc,30.54,4,"abril 2, 2025, 7:04 AM"
136,7570673549500,Mediocre Marble Lamp,Widget,"Crona, Block and Homenick",70.14,4.8,"julho 5, 2023, 5:59 PM"
137,8271165200181,Ergonomic Granite Bottle,Gizmo,"Morissette, Dare and Schimmel",45.18,3.5,"fevereiro 16, 2025, 10:36 PM"
138,1157194463322,Incredible Plastic Watch,Doohickey,Kiel Kassulke Group,75.97,4,"dezembro 18, 2022, 8:19 PM"
139,3301617687934,Lightweight Steel Watch,Doohickey,"Wuckert, Murazik and Ernser",51.19,3.2,"junho 8, 2022, 10:24 AM"
140,5050273180195,Sleek Copper Watch,Gadget,Daugherty-Dach,44.54,4.1,"dezembro 1, 2023, 9:57 AM"
141,4504719641739,Enormous Cotton Pants,Doohickey,Nikolaus-Hudson,84.14,4,"outubro 3, 2024, 7:23 PM"
142,4686859196154,Ergonomic Marble Computer,Doohickey,"Kuphal, Brown and Koss",46.9,4.3,"outubro 14, 2023, 2:59 AM"
143,4009053735033,Rustic Iron Bench,Gizmo,"McGlynn, Fay and Kertzmann",40.8,0,"fevereiro 4, 2024, 10:30 PM"
144,7760442733661,Aerodynamic Bronze Hat,Widget,"Schumm, Brown and Wehner",40.8,0,"janeiro 19, 2025, 2:05 AM"
145,0899183128263,Awesome Wool Bench,Gizmo,Stark-Bayer,40.8,4.4,"abril 27, 2024, 3:52 PM"
146,9131148018211,Lightweight Wool Computer,Widget,Theodora Terry and Sons,84.03,4.3,"setembro 14, 2022, 10:14 AM"
147,0006590063715,Mediocre Wool Toucan,Doohickey,"Bradtke, Wilkinson and Reilly",44.43,4.6,"julho 17, 2023, 3:41 PM"
148,3828680930458,Sleek Plastic Shoes,Gadget,Gail Bergstrom Inc,92.65,4.1,"maio 26, 2024, 5:12 AM"
149,2543248750439,Incredible Aluminum Knife,Widget,"Padberg, Senger and Williamson",46.1,4.1,"junho 15, 2023, 8:50 AM"
150,5935916054838,Synergistic Wool Coat,Gadget,Morar-Schamberger,85.7,3.9,"novembro 26, 2024, 7:59 AM"
151,1878073010375,Lightweight Leather Bench,Gizmo,"Marquardt, Crooks and Abshire",61.08,4,"outubro 16, 2023, 12:52 AM"
152,3988126680641,Enormous Aluminum Clock,Widget,Thompson-Wolf,32.6,3.6,"maio 26, 2023, 8:35 PM"
153,1484994799123,Aerodynamic Leather Computer,Gadget,"Wilkinson, Donnelly and Gulgowski",44.53,4.1,"novembro 24, 2023, 7:13 PM"
154,6875096496570,Incredible Bronze Wallet,Widget,"Hermiston, O'Hara and Wunsch",54.58,4.3,"julho 7, 2024, 2:51 PM"
155,7854842811538,Fantastic Rubber Knife,Gadget,Demarcus Brakus Inc,29.18,4.4,"fevereiro 22, 2023, 12:53 PM"
156,1770178011663,Heavy-Duty Copper Gloves,Gadget,"Schinner, Schmitt and Crona",20.41,4.5,"setembro 30, 2022, 7:55 AM"
157,7177157744491,Intelligent Granite Hat,Widget,Dooley-Cummings,93.26,3,"dezembro 1, 2023, 8:35 AM"
158,7345418848909,Aerodynamic Leather Toucan,Gizmo,Israel Spinka and Sons,93.26,4.1,"julho 9, 2023, 11:04 AM"
159,6403813628678,Aerodynamic Cotton Lamp,Widget,"Mueller, Mayert and Johnston",23.69,4.3,"fevereiro 27, 2023, 8:15 PM"
160,3685697688891,Lightweight Linen Hat,Gadget,Oran D'Amore Inc,31.73,5,"maio 3, 2024, 9:43 PM"
161,5626486088179,Heavy-Duty Rubber Gloves,Doohickey,"West, Prohaska and Wunsch",31.73,4,"junho 12, 2022, 11:35 PM"
162,9458076657016,Gorgeous Copper Knife,Gadget,Connelly-Mitchell,22.38,3.3,"novembro 25, 2024, 2:58 PM"
163,2117622168280,Ergonomic Leather Pants,Widget,Brittany Mueller Inc,22.38,0,"agosto 1, 2022, 8:39 PM"
164,3691313722887,Sleek Bronze Lamp,Doohickey,Bosco-Breitenberg,61.98,4.4,"dezembro 1, 2022, 10:43 PM"
165,9182640035008,Aerodynamic Copper Knife,Gizmo,"McDermott, Kiehn and Becker",25.54,2.5,"janeiro 14, 2024, 8:47 AM"
166,1408483808240,Rustic Copper Hat,Doohickey,Kuhn-O'Reilly,25.54,4,"agosto 5, 2022, 7:54 AM"
167,6009279470754,Gorgeous Paper Bag,Doohickey,Prohaska-Quigley,65.14,3,"outubro 24, 2023, 2:18 PM"
168,6190070243323,Intelligent Paper Car,Gadget,Roscoe Oberbrunner Group,79.29,0,"julho 29, 2022, 3:49 AM"
169,8933669659420,Small Cotton Chair,Doohickey,Kuhlman-McKenzie,39.69,4.5,"agosto 4, 2024, 1:37 AM"
170,6966709160725,Durable Leather Wallet,Widget,Ruecker-Jakubowski,70.05,4,"novembro 11, 2024, 12:14 AM"
171,2448500145612,Ergonomic Iron Watch,Doohickey,Blake Greenfelder Group,70.05,4,"julho 7, 2023, 7:15 PM"
172,4201407654834,Practical Aluminum Table,Gizmo,Heathcote-Kirlin,81.58,3.8,"setembro 2, 2024, 4:45 PM"
173,1838229841499,Gorgeous Wooden Car,Gadget,"Upton, Schoen and Streich",81.58,4.1,"maio 30, 2022, 7:24 AM"
174,9216642429807,Rustic Iron Keyboard,Gadget,Barrows-Johns,74.41,4.4,"fevereiro 13, 2023, 7:10 AM"
175,7067375149041,Fantastic Leather Watch,Doohickey,Lakin-Stroman,78.22,0,"julho 31, 2022, 1:29 PM"
176,6424174443243,Enormous Leather Wallet,Widget,Mr. Colton Mayer Group,38.62,3.6,"julho 29, 2022, 9:38 AM"
177,2125923238175,Heavy-Duty Cotton Bottle,Gadget,Ursula Collins LLC,85.88,4,"dezembro 29, 2024, 10:35 PM"
178,3576267834421,Ergonomic Linen Toucan,Widget,Halle Kulas I LLC,78.22,4.6,"maio 14, 2023, 5:22 AM"
179,6372029072158,Incredible Linen Knife,Doohickey,Casper-Schimmel,45.55,3.5,"agosto 19, 2022, 11:20 AM"
180,8725228831589,Lightweight Copper Wallet,Gadget,Maxime Haley and Sons,45.55,4.3,"julho 29, 2023, 9:06 AM"
181,8703661046340,Awesome Steel Toucan,Widget,"Berge, Mraz and Sawayn",95.93,4.4,"março 31, 2025, 7:59 AM"
182,8769809778856,Practical Silk Bottle,Gadget,Devonte Gleichner Inc,56.33,4,"outubro 19, 2024, 10:20 PM"
183,5408760500061,Mediocre Aluminum Lamp,Gizmo,"Powlowski, Keebler and Quigley",37.8,3.7,"novembro 28, 2022, 2:43 AM"
184,4198118078267,Practical Granite Plate,Widget,Gaylord-Lesch,77.4,3.6,"abril 3, 2023, 6:01 PM"
185,3307124431763,Sleek Marble Table,Gadget,Cremin-Williamson,26.38,0,"novembro 9, 2022, 2:06 PM"
186,0225815844582,Ergonomic Concrete Lamp,Gizmo,Theodore Hansen Inc,65.98,4.2,"abril 14, 2024, 3:21 PM"
187,4347934129886,Fantastic Copper Hat,Gizmo,Janick Harvey LLC,65.98,4.2,"julho 3, 2023, 11:17 PM"
188,2315609605258,Synergistic Copper Computer,Doohickey,"Jones, Hayes and Kshlerin",22.58,3.5,"fevereiro 7, 2025, 7:03 PM"
189,0038948983000,Gorgeous Marble Computer,Widget,"Marvin, Turcotte and Wisozk",62.18,4.3,"agosto 16, 2023, 1:01 AM"
190,1613730311804,Ergonomic Cotton Bag,Gadget,Delphia Bauch Inc,85.72,3.2,"janeiro 22, 2025, 3:58 PM"
191,7167715379463,Heavy-Duty Linen Gloves,Gadget,"Herman, Gleason and Renner",85.72,0,"maio 1, 2024, 9:16 PM"
192,1272575087123,Durable Cotton Shirt,Widget,"Grady, Greenfelder and Welch",46.12,3.3,"julho 28, 2022, 8:48 AM"
193,4709231420798,Ergonomic Plastic Bench,Gadget,Hodkiewicz-Brekke,33.59,0,"abril 24, 2023, 6:33 PM"
194,2952766751666,Heavy-Duty Rubber Bottle,Doohickey,Rosanna Murazik Inc,33.59,3.5,"maio 11, 2022, 9:39 AM"
195,7384311074268,Incredible Concrete Watch,Gadget,Ford Runolfsson Group,73.19,5,"abril 1, 2025, 11:26 PM"
196,6316992933962,Heavy-Duty Linen Toucan,Widget,Balistreri-Muller,46.76,0,"março 8, 2023, 8:05 PM"
197,2516506541834,Aerodynamic Concrete Lamp,Gizmo,Erika Volkman Group,46.76,4.6,"junho 8, 2023, 8:56 AM"
198,7153630876392,Enormous Copper Shirt,Gizmo,"Considine, Schamberger and Schiller",46.76,4.1,"setembro 6, 2023, 7:28 PM"
199,5522456328132,Mediocre Leather Coat,Widget,"Gulgowski, Grimes and Mayer",76.95,3.6,"agosto 19, 2022, 1:21 AM"
200,7317365230007,Intelligent Steel Car,Gadget,"Pouros, Nitzsche and Mayer",48.8,4,"junho 12, 2024, 6:08 AM"
